"date","Sun","Mon","Tue","Wed","Thu","Fri"
1990-01-31,0.0338983050847458,-0.983050847457627,1.06779661016949,0.983050847457627,-0.0338983050847458,0.0169491525423729
1990-02-28,0.0847457627118644,0.0169491525423729,0.152542372881356,0.0169491525423729,0.0847457627118644,0.220338983050847
1990-03-31,-2.32203389830508,-0.949152542372881,-0.372881355932203,-0.966101694915254,0.593220338983051,0.169491525423729
1990-04-30,1.15254237288136,-2.32203389830508,-1.20338983050847,0.796610169491525,0.898305084745763,0.542372881355932
1990-05-31,0.305084745762712,0.254237288135593,1.30508474576271,-0.372881355932203,1.42372881355932,0.389830508474576
1990-06-30,-0.711864406779661,-0.88135593220339,-0.949152542372881,-0.694915254237288,-2.93220338983051,0.220338983050847
1990-07-31,1.42372881355932,0.966101694915254,-0.728813559322034,0,0.254237288135593,-0.0169491525423729
1990-08-31,0.423728813559322,0.0169491525423729,0.372881355932203,1.01694915254237,1.23728813559322,1
1990-09-30,0.76271186440678,0.0508474576271187,0.322033898305085,-0.288135593220339,-1.96610169491525,-4.06779661016949
1990-10-31,0.288135593220339,2.1864406779661,1.72881355932203,1.42372881355932,-2.83050847457627,0.372881355932203
1990-11-30,0,0,0.0169491525423729,0.0169491525423729,1,0.983050847457627
1990-12-31,0.0169491525423729,0.0169491525423729,-1.01694915254237,-0.966101694915254,-0.966101694915254,-0.915254237288136
1991-01-31,0.0338983050847458,0.0169491525423729,-0.932203389830508,0.983050847457627,0.966101694915254,0.0169491525423729
1991-02-28,0.0847457627118644,0.0169491525423729,0.152542372881356,0.0169491525423729,-1.91525423728814,0.220338983050847
1991-03-31,0.677966101694915,-0.949152542372881,-0.372881355932203,-0.966101694915254,-0.406779661016949,0.169491525423729
1991-04-30,0.152542372881356,1.67796610169492,1.79661016949153,0.796610169491525,-1.10169491525424,-1.45762711864407
1991-05-31,-1.69491525423729,0.254237288135593,0.305084745762712,1.6271186440678,1.42372881355932,1.38983050847458
1991-06-30,0.288135593220339,-0.88135593220339,-0.949152542372881,-0.694915254237288,-0.932203389830508,-0.779661016949153
1991-07-31,-1.57627118644068,0.966101694915254,1.27118644067797,1,0.254237288135593,-0.0169491525423729
1991-08-31,-0.576271186440678,-0.983050847457627,-0.627118644067797,-0.983050847457627,0.23728813559322,0
1991-09-30,1.76271186440678,-3.94915254237288,-2.67796610169492,-1.28813559322034,1.03389830508475,0.932203389830508
1991-10-31,0.288135593220339,1.1864406779661,1.72881355932203,1.42372881355932,2.16949152542373,0.372881355932203
1991-11-30,-1,-1,-0.983050847457627,-0.983050847457627,-1,-0.0169491525423729
1991-12-31,1.01694915254237,1.01694915254237,0.983050847457627,0.0338983050847458,0.0338983050847458,0.0847457627118644
1992-01-31,0.0338983050847458,0.0169491525423729,0.0677966101694915,-1.01694915254237,0.966101694915254,1.01694915254237
1992-02-29,-0.915254237288136,-0.983050847457627,-0.847457627118644,-0.983050847457627,-0.915254237288136,-0.779661016949153
1992-03-31,1.67796610169492,1.05084745762712,1.6271186440678,0.0338983050847458,-1.40677966101695,0.169491525423729
1992-04-30,0.152542372881356,0.677966101694915,0.796610169491525,1.79661016949153,1.89830508474576,-1.45762711864407
1992-05-31,0.305084745762712,-0.745762711864407,-0.694915254237288,-0.372881355932203,-2.57627118644068,0.389830508474576
1992-06-30,-1.71186440677966,1.11864406779661,-0.949152542372881,0.305084745762712,0.0677966101694915,0.220338983050847
1992-07-31,0.423728813559322,-0.0338983050847458,0.271186440677966,1,1.25423728813559,0.983050847457627
1992-08-31,-1.57627118644068,0.0169491525423729,-0.627118644067797,-0.983050847457627,-0.76271186440678,-1
1992-09-30,0.76271186440678,-0.949152542372881,0.322033898305085,1.71186440677966,1.03389830508475,0.932203389830508
1992-10-31,-0.711864406779661,-3.8135593220339,-2.27118644067797,-2.57627118644068,1.16949152542373,0.372881355932203
1992-11-30,1,1,0.0169491525423729,0.0169491525423729,0,-0.0169491525423729
1992-12-31,0.0169491525423729,0.0169491525423729,0.983050847457627,1.03389830508475,1.03389830508475,0.0847457627118644
1993-01-31,0.0338983050847458,-0.983050847457627,-0.932203389830508,-1.01694915254237,-1.03389830508475,-1.98305084745763
1993-02-28,0.0847457627118644,0.0169491525423729,0.152542372881356,0.0169491525423729,0.0847457627118644,0.220338983050847
1993-03-31,-1.32203389830508,1.05084745762712,1.6271186440678,1.03389830508475,0.593220338983051,0.169491525423729
1993-04-30,0.152542372881356,-3.32203389830508,-1.20338983050847,0.796610169491525,1.89830508474576,1.54237288135593
1993-05-31,0.305084745762712,0.254237288135593,-0.694915254237288,-2.3728813559322,-0.576271186440678,-0.610169491525424
1993-06-30,0.288135593220339,0.11864406779661,1.05084745762712,1.30508474576271,0.0677966101694915,0.220338983050847
1993-07-31,-0.576271186440678,-1.03389830508475,-2.72881355932203,-1,0.254237288135593,-0.0169491525423729
1993-08-31,1.42372881355932,1.01694915254237,1.3728813559322,0.0169491525423729,0.23728813559322,0
1993-09-30,0.76271186440678,1.05084745762712,1.32203389830508,1.71186440677966,-1.96610169491525,-3.06779661016949
1993-10-31,0.288135593220339,0.186440677966102,-0.271186440677966,-0.576271186440678,-1.83050847457627,0.372881355932203
1993-11-30,0,1,1.01694915254237,0.0169491525423729,0,-0.0169491525423729
1993-12-31,0.0169491525423729,0.0169491525423729,-0.0169491525423729,1.03389830508475,1.03389830508475,1.08474576271186
1994-01-31,0.0338983050847458,0.0169491525423729,-0.932203389830508,-1.01694915254237,-1.03389830508475,-0.983050847457627
1994-02-28,0.0847457627118644,0.0169491525423729,0.152542372881356,0.0169491525423729,0.0847457627118644,-1.77966101694915
1994-03-31,-1.32203389830508,0.0508474576271186,1.6271186440678,1.03389830508475,1.59322033898305,0.169491525423729
1994-04-30,-0.847457627118644,-0.322033898305085,-0.203389830508475,-0.203389830508475,-2.10169491525424,0.542372881355932
1994-05-31,1.30508474576271,-0.745762711864407,1.30508474576271,0.627118644067797,0.423728813559322,0.389830508474576
1994-06-30,0.288135593220339,0.11864406779661,0.0508474576271186,1.30508474576271,1.06779661016949,0.220338983050847
1994-07-31,-1.57627118644068,-1.03389830508475,-0.728813559322034,-1,-0.745762711864407,-0.0169491525423729
1994-08-31,0.423728813559322,1.01694915254237,1.3728813559322,1.01694915254237,0.23728813559322,0
1994-09-30,0.76271186440678,1.05084745762712,-4.67796610169492,-3.28813559322034,0.0338983050847457,1.93220338983051
1994-10-31,0.288135593220339,1.1864406779661,-0.271186440677966,-0.576271186440678,0.169491525423729,-0.627118644067797
1994-11-30,0,0,1.01694915254237,1.01694915254237,0,-0.0169491525423729
1994-12-31,-0.983050847457627,-0.983050847457627,-1.01694915254237,-0.966101694915254,0.0338983050847458,0.0847457627118644
1995-01-31,1.03389830508475,1.01694915254237,1.06779661016949,-0.0169491525423729,-0.0338983050847458,0.0169491525423729
1995-02-28,0.0847457627118644,0.0169491525423729,0.152542372881356,0.0169491525423729,0.0847457627118644,0.220338983050847
1995-03-31,0.677966101694915,0.0508474576271186,0.627118644067797,1.03389830508475,-0.406779661016949,1.16949152542373
1995-04-30,0.152542372881356,-0.322033898305085,-0.203389830508475,-0.203389830508475,-0.101694915254237,-2.45762711864407
1995-05-31,0.305084745762712,1.25423728813559,1.30508474576271,1.6271186440678,-1.57627118644068,0.389830508474576
1995-06-30,-1.71186440677966,0.11864406779661,0.0508474576271186,0.305084745762712,1.06779661016949,1.22033898305085
1995-07-31,0.423728813559322,-0.0338983050847458,-0.728813559322034,-1,-0.745762711864407,-1.01694915254237
1995-08-31,-1.57627118644068,0.0169491525423729,1.3728813559322,1.01694915254237,1.23728813559322,0
1995-09-30,-0.23728813559322,-1.94915254237288,-1.67796610169492,-0.288135593220339,0.0338983050847457,0.932203389830508
1995-10-31,1.28813559322034,-1.8135593220339,-0.271186440677966,-1.57627118644068,1.16949152542373,0.372881355932203
1995-11-30,0,0,0.0169491525423729,1.01694915254237,1,-0.0169491525423729
1995-12-31,0.0169491525423729,-0.983050847457627,-1.01694915254237,-0.966101694915254,-0.966101694915254,0.0847457627118644
1996-01-31,0.0338983050847458,1.01694915254237,1.06779661016949,0.983050847457627,-0.0338983050847458,0.0169491525423729
1996-02-29,0.0847457627118644,0.0169491525423729,0.152542372881356,0.0169491525423729,1.08474576271186,0.220338983050847
1996-03-31,0.677966101694915,-0.949152542372881,-2.3728813559322,-0.966101694915254,-0.406779661016949,0.169491525423729
1996-04-30,0.152542372881356,1.67796610169492,1.79661016949153,-3.20338983050847,-1.10169491525424,0.542372881355932
1996-05-31,0.305084745762712,0.254237288135593,0.305084745762712,-0.372881355932203,1.42372881355932,-0.610169491525424
1996-06-30,0.288135593220339,-0.88135593220339,-0.949152542372881,-0.694915254237288,-0.932203389830508,-0.779661016949153
1996-07-31,0.423728813559322,0.966101694915254,1.27118644067797,-1,-1.74576271186441,-0.0169491525423729
1996-08-31,-0.576271186440678,-0.983050847457627,-0.627118644067797,-0.983050847457627,0.23728813559322,0
1996-09-30,-2.23728813559322,0.0508474576271187,1.32203389830508,0.711864406779661,1.03389830508475,0.932203389830508
1996-10-31,0.288135593220339,1.1864406779661,1.72881355932203,1.42372881355932,2.16949152542373,0.372881355932203
1996-11-30,-1,-1,-0.983050847457627,-0.983050847457627,-1,-0.0169491525423729
1996-12-31,1.01694915254237,-0.983050847457627,0.983050847457627,0.0338983050847458,0.0338983050847458,0.0847457627118644
1997-01-31,0.0338983050847458,0.0169491525423729,0.0677966101694915,0.983050847457627,0.966101694915254,1.01694915254237
1997-02-28,0.0847457627118644,0.0169491525423729,0.152542372881356,0.0169491525423729,0.0847457627118644,-5.77966101694915
1997-03-31,-1.32203389830508,0.0508474576271186,-0.372881355932203,-0.966101694915254,-0.406779661016949,-0.830508474576271
1997-04-30,0.152542372881356,-1.32203389830508,-0.203389830508475,1.79661016949153,0.898305084745763,0.542372881355932
1997-05-31,-0.694915254237288,-2.74576271186441,-0.694915254237288,-0.372881355932203,0.423728813559322,0.389830508474576
1997-06-30,1.28813559322034,1.11864406779661,0.0508474576271186,-1.69491525423729,0.0677966101694915,0.220338983050847
1997-07-31,0.423728813559322,-0.0338983050847458,1.27118644067797,1,1.25423728813559,-0.0169491525423729
1997-08-31,0.423728813559322,-0.983050847457627,-2.6271186440678,-0.983050847457627,-0.76271186440678,0
1997-09-30,-1.23728813559322,2.05084745762712,2.32203389830508,0.711864406779661,1.03389830508475,0.932203389830508
1997-10-31,0.288135593220339,1.1864406779661,0.728813559322034,1.42372881355932,-3.83050847457627,-2.6271186440678
1997-11-30,0,-1,-0.983050847457627,-0.983050847457627,-1,-1.01694915254237
1997-12-31,-1.98305084745763,1.01694915254237,0.983050847457627,-0.966101694915254,-1.96610169491525,-1.91525423728814
1998-01-31,-0.966101694915254,-0.983050847457627,-0.932203389830508,-1.01694915254237,-0.0338983050847458,0.0169491525423729
1998-02-28,0.0847457627118644,0.0169491525423729,0.152542372881356,0.0169491525423729,0.0847457627118644,0.220338983050847
1998-03-31,1.67796610169492,1.05084745762712,1.6271186440678,0.0338983050847458,-1.40677966101695,0.169491525423729
1998-04-30,0.152542372881356,0.677966101694915,0.796610169491525,1.79661016949153,-0.101694915254237,-1.45762711864407
1998-05-31,-1.69491525423729,-0.745762711864407,-0.694915254237288,-0.372881355932203,-0.576271186440678,-1.61016949152542
1998-06-30,0.288135593220339,1.11864406779661,1.05084745762712,0.305084745762712,0.0677966101694915,0.220338983050847
1998-07-31,0.423728813559322,-0.0338983050847458,0.271186440677966,1,1.25423728813559,0.983050847457627
1998-08-31,-1.57627118644068,0.0169491525423729,-0.627118644067797,-0.983050847457627,-0.76271186440678,-1
1998-09-30,0.76271186440678,-0.949152542372881,-1.67796610169492,-0.288135593220339,1.03389830508475,0.932203389830508
1998-10-31,-0.711864406779661,-3.8135593220339,-0.271186440677966,-0.576271186440678,1.16949152542373,0.372881355932203
1998-11-30,1,1,0.0169491525423729,0.0169491525423729,0,-0.0169491525423729
1998-12-31,0.0169491525423729,0.0169491525423729,0.983050847457627,1.03389830508475,1.03389830508475,0.0847457627118644
1999-01-31,0.0338983050847458,-0.983050847457627,-0.932203389830508,-1.01694915254237,-1.03389830508475,0.0169491525423729
1999-02-28,0.0847457627118644,0.0169491525423729,0.152542372881356,0.0169491525423729,0.0847457627118644,0.220338983050847
1999-03-31,0.677966101694915,1.05084745762712,-0.372881355932203,1.03389830508475,0.593220338983051,0.169491525423729
1999-04-30,0.152542372881356,0.677966101694915,0.796610169491525,-3.20338983050847,-0.101694915254237,1.54237288135593
1999-05-31,0.305084745762712,-1.74576271186441,-0.694915254237288,-0.372881355932203,-0.576271186440678,-2.61016949152542
1999-06-30,0.288135593220339,0.11864406779661,1.05084745762712,1.30508474576271,0.0677966101694915,0.220338983050847
1999-07-31,-0.576271186440678,-1.03389830508475,-0.728813559322034,-1,-1.74576271186441,-0.0169491525423729
1999-08-31,1.42372881355932,1.01694915254237,1.3728813559322,0.0169491525423729,0.23728813559322,0
1999-09-30,-3.23728813559322,-0.949152542372881,1.32203389830508,1.71186440677966,2.03389830508475,0.932203389830508
1999-10-31,0.288135593220339,0.186440677966102,-0.271186440677966,-0.576271186440678,0.169491525423729,0.372881355932203
1999-11-30,0,1,1.01694915254237,0.0169491525423729,0,-0.0169491525423729
1999-12-31,0.0169491525423729,0.0169491525423729,-0.0169491525423729,1.03389830508475,1.03389830508475,-0.915254237288136
2000-01-31,-1.96610169491525,0.0169491525423729,-0.932203389830508,-1.01694915254237,-1.03389830508475,-0.983050847457627
2000-02-29,0.0847457627118644,0.0169491525423729,1.15254237288136,0.0169491525423729,0.0847457627118644,0.220338983050847
2000-03-31,0.677966101694915,0.0508474576271186,-1.3728813559322,1.03389830508475,1.59322033898305,1.16949152542373
2000-04-30,0.152542372881356,-0.322033898305085,-0.203389830508475,-2.20338983050847,-2.10169491525424,-0.457627118644068
2000-05-31,0.305084745762712,1.25423728813559,1.30508474576271,-0.372881355932203,0.423728813559322,0.389830508474576
2000-06-30,0.288135593220339,0.11864406779661,0.0508474576271186,0.305084745762712,1.06779661016949,-0.779661016949153
2000-07-31,0.423728813559322,-0.0338983050847458,-0.728813559322034,-1,-0.745762711864407,-1.01694915254237
2000-08-31,0.423728813559322,0.0169491525423729,1.3728813559322,1.01694915254237,-0.76271186440678,0
2000-09-30,-0.23728813559322,0.0508474576271187,0.322033898305085,-0.288135593220339,0.0338983050847457,0.932203389830508
2000-10-31,-2.71186440677966,0.186440677966102,1.72881355932203,0.423728813559322,1.16949152542373,0.372881355932203
2000-11-30,0,0,0.0169491525423729,1.01694915254237,1,-0.0169491525423729
2000-12-31,0.0169491525423729,-0.983050847457627,-1.01694915254237,-0.966101694915254,-0.966101694915254,0.0847457627118644
2001-01-31,0.0338983050847458,1.01694915254237,1.06779661016949,0.983050847457627,-0.0338983050847458,0.0169491525423729
2001-02-28,0.0847457627118644,0.0169491525423729,-1.84745762711864,0.0169491525423729,0.0847457627118644,0.220338983050847
2001-03-31,-0.322033898305085,-0.949152542372881,-0.372881355932203,-0.966101694915254,0.593220338983051,-1.83050847457627
2001-04-30,-0.847457627118644,1.67796610169492,0.796610169491525,0.796610169491525,-1.10169491525424,0.542372881355932
2001-05-31,0.305084745762712,-1.74576271186441,1.30508474576271,1.6271186440678,1.42372881355932,0.389830508474576
2001-06-30,-0.711864406779661,-0.88135593220339,-0.949152542372881,-0.694915254237288,-0.932203389830508,0.220338983050847
2001-07-31,-0.576271186440678,0.966101694915254,1.27118644067797,0,0.254237288135593,-0.0169491525423729
2001-08-31,0.423728813559322,0.0169491525423729,0.372881355932203,1.01694915254237,1.23728813559322,1
2001-09-30,0.76271186440678,0.0508474576271187,-1.67796610169492,-4.28813559322034,-1.96610169491525,-0.0677966101694916
2001-10-31,0.288135593220339,2.1864406779661,-2.27118644067797,1.42372881355932,1.16949152542373,0.372881355932203
2001-11-30,0,0,0.0169491525423729,0.0169491525423729,1,0.983050847457627
2001-12-31,0.0169491525423729,0.0169491525423729,-1.01694915254237,-0.966101694915254,-0.966101694915254,-0.915254237288136
2002-01-31,0.0338983050847458,0.0169491525423729,1.06779661016949,0.983050847457627,0.966101694915254,0.0169491525423729
2002-02-28,0.0847457627118644,0.0169491525423729,-1.84745762711864,0.0169491525423729,0.0847457627118644,0.220338983050847
2002-03-31,0.677966101694915,-0.949152542372881,-0.372881355932203,-0.966101694915254,-2.40677966101695,0.169491525423729
2002-04-30,0.152542372881356,1.67796610169492,1.79661016949153,-3.20338983050847,0.898305084745763,0.542372881355932
2002-05-31,0.305084745762712,0.254237288135593,0.305084745762712,1.6271186440678,1.42372881355932,-0.610169491525424
2002-06-30,0.288135593220339,-0.88135593220339,-0.949152542372881,-0.694915254237288,-0.932203389830508,-0.779661016949153
2002-07-31,0.423728813559322,0.966101694915254,1.27118644067797,1,-1.74576271186441,-0.0169491525423729
2002-08-31,-0.576271186440678,-0.983050847457627,-0.627118644067797,-0.983050847457627,0.23728813559322,0
2002-09-30,-2.23728813559322,0.0508474576271187,1.32203389830508,0.711864406779661,1.03389830508475,0.932203389830508
2002-10-31,0.288135593220339,1.1864406779661,1.72881355932203,1.42372881355932,2.16949152542373,0.372881355932203
2002-11-30,-1,-1,-0.983050847457627,-0.983050847457627,-1,-0.0169491525423729
2002-12-31,1.01694915254237,1.01694915254237,0.983050847457627,0.0338983050847458,0.0338983050847458,0.0847457627118644
2003-01-31,0.0338983050847458,0.0169491525423729,-1.93220338983051,0.983050847457627,0.966101694915254,1.01694915254237
2003-02-28,0.0847457627118644,0.0169491525423729,0.152542372881356,0.0169491525423729,0.0847457627118644,0.220338983050847
2003-03-31,0.677966101694915,0.0508474576271186,-2.3728813559322,-0.966101694915254,-0.406779661016949,-0.830508474576271
2003-04-30,0.152542372881356,0.677966101694915,1.79661016949153,-2.20338983050847,-1.10169491525424,0.542372881355932
2003-05-31,-0.694915254237288,-0.745762711864407,-0.694915254237288,-2.3728813559322,-3.57627118644068,-1.61016949152542
2003-06-30,1.28813559322034,1.11864406779661,0.0508474576271186,0.305084745762712,0.0677966101694915,-1.77966101694915
2003-07-31,0.423728813559322,-0.0338983050847458,1.27118644067797,1,1.25423728813559,-0.0169491525423729
2003-08-31,0.423728813559322,-0.983050847457627,-0.627118644067797,-0.983050847457627,-2.76271186440678,0
2003-09-30,-1.23728813559322,2.05084745762712,2.32203389830508,0.711864406779661,1.03389830508475,0.932203389830508
2003-10-31,-1.71186440677966,-0.813559322033898,0.728813559322034,1.42372881355932,2.16949152542373,1.3728813559322
2003-11-30,0,-1,-0.983050847457627,-0.983050847457627,-1,-1.01694915254237
2003-12-31,0.0169491525423729,1.01694915254237,0.983050847457627,1.03389830508475,0.0338983050847458,0.0847457627118644
2004-01-31,-0.966101694915254,-0.983050847457627,-0.932203389830508,-1.01694915254237,-0.0338983050847458,0.0169491525423729
2004-02-29,1.08474576271186,0.0169491525423729,0.152542372881356,0.0169491525423729,0.0847457627118644,0.220338983050847
2004-03-31,-1.32203389830508,1.05084745762712,1.6271186440678,1.03389830508475,0.593220338983051,0.169491525423729
2004-04-30,0.152542372881356,-1.32203389830508,-3.20338983050847,0.796610169491525,1.89830508474576,1.54237288135593
2004-05-31,0.305084745762712,0.254237288135593,-0.694915254237288,-2.3728813559322,-0.576271186440678,-0.610169491525424
2004-06-30,0.288135593220339,0.11864406779661,1.05084745762712,1.30508474576271,0.0677966101694915,0.220338983050847
2004-07-31,-0.576271186440678,-1.03389830508475,-2.72881355932203,-1,0.254237288135593,-0.0169491525423729
2004-08-31,1.42372881355932,1.01694915254237,1.3728813559322,0.0169491525423729,0.23728813559322,0
2004-09-30,0.76271186440678,1.05084745762712,-0.677966101694915,-0.288135593220339,-1.96610169491525,-3.06779661016949
2004-10-31,0.288135593220339,0.186440677966102,-0.271186440677966,-0.576271186440678,-1.83050847457627,0.372881355932203
2004-11-30,0,1,1.01694915254237,0.0169491525423729,0,-0.0169491525423729
2004-12-31,0.0169491525423729,0.0169491525423729,-0.0169491525423729,1.03389830508475,1.03389830508475,1.08474576271186
2005-01-31,0.0338983050847458,0.0169491525423729,-0.932203389830508,-1.01694915254237,-1.03389830508475,-0.983050847457627
2005-02-28,0.0847457627118644,0.0169491525423729,0.152542372881356,0.0169491525423729,0.0847457627118644,0.220338983050847
2005-03-31,0.677966101694915,0.0508474576271186,1.6271186440678,1.03389830508475,1.59322033898305,-1.83050847457627
2005-04-30,-2.84745762711864,-0.322033898305085,-0.203389830508475,-0.203389830508475,-0.101694915254237,0.542372881355932
2005-05-31,1.30508474576271,1.25423728813559,1.30508474576271,0.627118644067797,-1.57627118644068,0.389830508474576
2005-06-30,0.288135593220339,-1.88135593220339,0.0508474576271186,1.30508474576271,1.06779661016949,0.220338983050847
2005-07-31,0.423728813559322,-1.03389830508475,-0.728813559322034,-1,-0.745762711864407,-0.0169491525423729
2005-08-31,-1.57627118644068,1.01694915254237,1.3728813559322,1.01694915254237,0.23728813559322,0
2005-09-30,0.76271186440678,1.05084745762712,1.32203389830508,0.711864406779661,2.03389830508475,1.93220338983051
2005-10-31,0.288135593220339,1.1864406779661,-6.27118644067797,-4.57627118644068,-1.83050847457627,-0.627118644067797
2005-11-30,0,0,1.01694915254237,1.01694915254237,0,-0.0169491525423729
2005-12-31,-0.983050847457627,-0.983050847457627,-1.01694915254237,-0.966101694915254,0.0338983050847458,0.0847457627118644
2006-01-31,1.03389830508475,1.01694915254237,1.06779661016949,-0.0169491525423729,-0.0338983050847458,0.0169491525423729
2006-02-28,0.0847457627118644,0.0169491525423729,0.152542372881356,0.0169491525423729,0.0847457627118644,0.220338983050847
2006-03-31,0.677966101694915,0.0508474576271186,-3.3728813559322,1.03389830508475,1.59322033898305,1.16949152542373
2006-04-30,0.152542372881356,-0.322033898305085,-0.203389830508475,-2.20338983050847,-2.10169491525424,-0.457627118644068
2006-05-31,0.305084745762712,1.25423728813559,1.30508474576271,-0.372881355932203,0.423728813559322,0.389830508474576
2006-06-30,0.288135593220339,0.11864406779661,0.0508474576271186,0.305084745762712,1.06779661016949,-0.779661016949153
2006-07-31,0.423728813559322,-0.0338983050847458,-0.728813559322034,-1,-0.745762711864407,-1.01694915254237
2006-08-31,0.423728813559322,0.0169491525423729,1.3728813559322,1.01694915254237,-0.76271186440678,0
2006-09-30,-2.23728813559322,0.0508474576271187,0.322033898305085,-0.288135593220339,0.0338983050847457,0.932203389830508
2006-10-31,-0.711864406779661,0.186440677966102,1.72881355932203,0.423728813559322,1.16949152542373,0.372881355932203
2006-11-30,0,0,0.0169491525423729,1.01694915254237,1,-0.0169491525423729
2006-12-31,0.0169491525423729,-0.983050847457627,-1.01694915254237,-0.966101694915254,-0.966101694915254,0.0847457627118644
2007-01-31,0.0338983050847458,1.01694915254237,1.06779661016949,0.983050847457627,-0.0338983050847458,0.0169491525423729
2007-02-28,0.0847457627118644,0.0169491525423729,0.152542372881356,0.0169491525423729,0.0847457627118644,0.220338983050847
2007-03-31,-2.32203389830508,-0.949152542372881,-0.372881355932203,-0.966101694915254,0.593220338983051,0.169491525423729
2007-04-30,1.15254237288136,-0.322033898305085,-3.20338983050847,0.796610169491525,0.898305084745763,0.542372881355932
2007-05-31,0.305084745762712,0.254237288135593,1.30508474576271,-0.372881355932203,1.42372881355932,0.389830508474576
2007-06-30,-0.711864406779661,-0.88135593220339,-0.949152542372881,-0.694915254237288,-0.932203389830508,0.220338983050847
2007-07-31,1.42372881355932,0.966101694915254,-0.728813559322034,0,0.254237288135593,-0.0169491525423729
2007-08-31,0.423728813559322,0.0169491525423729,0.372881355932203,1.01694915254237,1.23728813559322,1
2007-09-30,0.76271186440678,0.0508474576271187,0.322033898305085,-0.288135593220339,-3.96610169491525,-4.06779661016949
2007-10-31,0.288135593220339,2.1864406779661,1.72881355932203,1.42372881355932,-0.830508474576271,0.372881355932203
2007-11-30,0,0,0.0169491525423729,0.0169491525423729,1,0.983050847457627
2007-12-31,0.0169491525423729,0.0169491525423729,-1.01694915254237,-0.966101694915254,-0.966101694915254,-0.915254237288136
2008-01-31,0.0338983050847458,0.0169491525423729,1.06779661016949,0.983050847457627,0.966101694915254,0.0169491525423729
2008-02-29,0.0847457627118644,0.0169491525423729,0.152542372881356,0.0169491525423729,0.0847457627118644,1.22033898305085
2008-03-31,0.677966101694915,0.0508474576271186,-0.372881355932203,-0.966101694915254,-0.406779661016949,-2.83050847457627
2008-04-30,-1.84745762711864,0.677966101694915,1.79661016949153,1.79661016949153,0.898305084745763,0.542372881355932
2008-05-31,-0.694915254237288,-0.745762711864407,-0.694915254237288,-0.372881355932203,-1.57627118644068,0.389830508474576
2008-06-30,1.28813559322034,-0.88135593220339,0.0508474576271186,0.305084745762712,0.0677966101694915,0.220338983050847
2008-07-31,0.423728813559322,-0.0338983050847458,1.27118644067797,1,1.25423728813559,-0.0169491525423729
2008-08-31,-1.57627118644068,-0.983050847457627,-0.627118644067797,-0.983050847457627,-0.76271186440678,0
2008-09-30,0.76271186440678,2.05084745762712,0.322033898305085,0.711864406779661,1.03389830508475,0.932203389830508
2008-10-31,0.288135593220339,1.1864406779661,-3.27118644067797,-2.57627118644068,0.169491525423729,1.3728813559322
2008-11-30,0,-1,-0.983050847457627,-0.983050847457627,-1,-1.01694915254237
2008-12-31,0.0169491525423729,1.01694915254237,0.983050847457627,1.03389830508475,0.0338983050847458,0.0847457627118644
2009-01-31,-0.966101694915254,-0.983050847457627,-0.932203389830508,-1.01694915254237,-0.0338983050847458,0.0169491525423729
2009-02-28,0.0847457627118644,0.0169491525423729,-1.84745762711864,0.0169491525423729,0.0847457627118644,0.220338983050847
2009-03-31,1.67796610169492,1.05084745762712,-0.372881355932203,0.0338983050847458,0.593220338983051,0.169491525423729
2009-04-30,0.152542372881356,0.677966101694915,0.796610169491525,-2.20338983050847,-0.101694915254237,0.542372881355932
2009-05-31,0.305084745762712,-0.745762711864407,-0.694915254237288,-0.372881355932203,-0.576271186440678,-1.61016949152542
2009-06-30,0.288135593220339,1.11864406779661,1.05084745762712,0.305084745762712,0.0677966101694915,0.220338983050847
2009-07-31,0.423728813559322,-0.0338983050847458,0.271186440677966,1,-0.745762711864407,0.983050847457627
2009-08-31,0.423728813559322,0.0169491525423729,-0.627118644067797,-0.983050847457627,-0.76271186440678,-1
2009-09-30,-3.23728813559322,-0.949152542372881,2.32203389830508,1.71186440677966,1.03389830508475,0.932203389830508
2009-10-31,-0.711864406779661,0.186440677966102,-0.271186440677966,-0.576271186440678,1.16949152542373,0.372881355932203
2009-11-30,1,1,0.0169491525423729,0.0169491525423729,0,-0.0169491525423729
2009-12-31,0.0169491525423729,0.0169491525423729,0.983050847457627,1.03389830508475,1.03389830508475,0.0847457627118644
2010-01-31,0.0338983050847458,-0.983050847457627,-0.932203389830508,-1.01694915254237,-1.03389830508475,0.0169491525423729
2010-02-28,-1.91525423728814,0.0169491525423729,0.152542372881356,0.0169491525423729,0.0847457627118644,0.220338983050847
2010-03-31,0.677966101694915,1.05084745762712,-0.372881355932203,1.03389830508475,0.593220338983051,0.169491525423729
2010-04-30,0.152542372881356,-1.32203389830508,-1.20338983050847,0.796610169491525,1.89830508474576,1.54237288135593
2010-05-31,0.305084745762712,0.254237288135593,-0.694915254237288,-2.3728813559322,-0.576271186440678,-0.610169491525424
2010-06-30,0.288135593220339,0.11864406779661,1.05084745762712,1.30508474576271,0.0677966101694915,0.220338983050847
2010-07-31,-0.576271186440678,-1.03389830508475,-2.72881355932203,-1,0.254237288135593,-0.0169491525423729
2010-08-31,1.42372881355932,1.01694915254237,1.3728813559322,0.0169491525423729,0.23728813559322,0
2010-09-30,0.76271186440678,1.05084745762712,1.32203389830508,1.71186440677966,-3.96610169491525,-3.06779661016949
2010-10-31,0.288135593220339,0.186440677966102,-0.271186440677966,-0.576271186440678,0.169491525423729,0.372881355932203
2010-11-30,0,1,1.01694915254237,0.0169491525423729,0,-0.0169491525423729
2010-12-31,0.0169491525423729,0.0169491525423729,-0.0169491525423729,1.03389830508475,1.03389830508475,1.08474576271186
2011-01-31,0.0338983050847458,0.0169491525423729,-0.932203389830508,-1.01694915254237,-1.03389830508475,-0.983050847457627
2011-02-28,0.0847457627118644,0.0169491525423729,0.152542372881356,0.0169491525423729,0.0847457627118644,0.220338983050847
2011-03-31,-1.32203389830508,0.0508474576271186,1.6271186440678,1.03389830508475,1.59322033898305,0.169491525423729
2011-04-30,-0.847457627118644,-2.32203389830508,-2.20338983050847,-0.203389830508475,-0.101694915254237,0.542372881355932
2011-05-31,1.30508474576271,1.25423728813559,-0.694915254237288,0.627118644067797,0.423728813559322,0.389830508474576
2011-06-30,0.288135593220339,0.11864406779661,0.0508474576271186,-0.694915254237288,1.06779661016949,0.220338983050847
2011-07-31,0.423728813559322,-1.03389830508475,-0.728813559322034,-1,-0.745762711864407,-0.0169491525423729
2011-08-31,0.423728813559322,1.01694915254237,-0.627118644067797,1.01694915254237,0.23728813559322,0
2011-09-30,0.76271186440678,1.05084745762712,1.32203389830508,0.711864406779661,0.0338983050847457,-0.0677966101694916
2011-10-31,0.288135593220339,1.1864406779661,-0.271186440677966,-0.576271186440678,-3.83050847457627,-2.6271186440678
2011-11-30,0,0,1.01694915254237,1.01694915254237,0,-0.0169491525423729
2011-12-31,-0.983050847457627,-0.983050847457627,-1.01694915254237,-0.966101694915254,0.0338983050847458,0.0847457627118644
2012-01-31,1.03389830508475,1.01694915254237,1.06779661016949,-0.0169491525423729,-0.0338983050847458,0.0169491525423729
2012-02-29,0.0847457627118644,0.0169491525423729,0.152542372881356,1.01694915254237,0.0847457627118644,0.220338983050847
2012-03-31,-0.322033898305085,-0.949152542372881,-0.372881355932203,-0.966101694915254,-1.40677966101695,0.169491525423729
2012-04-30,1.15254237288136,1.67796610169492,0.796610169491525,0.796610169491525,-1.10169491525424,-1.45762711864407
2012-05-31,-1.69491525423729,0.254237288135593,1.30508474576271,1.6271186440678,1.42372881355932,0.389830508474576
2012-06-30,-0.711864406779661,-0.88135593220339,-0.949152542372881,-0.694915254237288,-0.932203389830508,0.220338983050847
2012-07-31,-0.576271186440678,0.966101694915254,1.27118644067797,0,0.254237288135593,-0.0169491525423729
2012-08-31,0.423728813559322,0.0169491525423729,0.372881355932203,1.01694915254237,1.23728813559322,1
2012-09-30,0.76271186440678,-1.94915254237288,-3.67796610169492,-2.28813559322034,0.0338983050847457,-0.0677966101694916
2012-10-31,0.288135593220339,-1.8135593220339,1.72881355932203,1.42372881355932,1.16949152542373,0.372881355932203
2012-11-30,0,0,0.0169491525423729,0.0169491525423729,1,0.983050847457627
2012-12-31,0.0169491525423729,0.0169491525423729,-1.01694915254237,-0.966101694915254,-0.966101694915254,-0.915254237288136
2013-01-31,0.0338983050847458,0.0169491525423729,-0.932203389830508,0.983050847457627,0.966101694915254,0.0169491525423729
2013-02-28,-1.91525423728814,0.0169491525423729,0.152542372881356,0.0169491525423729,0.0847457627118644,0.220338983050847
2013-03-31,0.677966101694915,-0.949152542372881,-2.3728813559322,-0.966101694915254,-0.406779661016949,0.169491525423729
2013-04-30,0.152542372881356,-0.322033898305085,-0.203389830508475,0.796610169491525,0.898305084745763,0.542372881355932
2013-05-31,0.305084745762712,0.254237288135593,0.305084745762712,-0.372881355932203,1.42372881355932,1.38983050847458
2013-06-30,0.288135593220339,-0.88135593220339,-0.949152542372881,-0.694915254237288,-0.932203389830508,-0.779661016949153
2013-07-31,0.423728813559322,0.966101694915254,-0.728813559322034,1,0.254237288135593,-0.0169491525423729
2013-08-31,-0.576271186440678,-0.983050847457627,-0.627118644067797,-0.983050847457627,0.23728813559322,0
2013-09-30,1.76271186440678,2.05084745762712,1.32203389830508,0.711864406779661,-4.96610169491525,-3.06779661016949
2013-10-31,0.288135593220339,1.1864406779661,1.72881355932203,1.42372881355932,2.16949152542373,0.372881355932203
2013-11-30,-1,-1,-0.983050847457627,-0.983050847457627,-1,-0.0169491525423729
2013-12-31,1.01694915254237,1.01694915254237,0.983050847457627,0.0338983050847458,0.0338983050847458,0.0847457627118644
2014-01-31,0.0338983050847458,0.0169491525423729,0.0677966101694915,0.983050847457627,0.966101694915254,1.01694915254237
2014-02-28,0.0847457627118644,0.0169491525423729,0.152542372881356,0.0169491525423729,0.0847457627118644,0.220338983050847
2014-03-31,-1.32203389830508,0.0508474576271186,-0.372881355932203,-0.966101694915254,-0.406779661016949,-0.830508474576271
2014-04-30,0.152542372881356,-1.32203389830508,-0.203389830508475,1.79661016949153,0.898305084745763,0.542372881355932
2014-05-31,-0.694915254237288,-0.745762711864407,-2.69491525423729,-0.372881355932203,0.423728813559322,0.389830508474576
2014-06-30,1.28813559322034,1.11864406779661,0.0508474576271186,-1.69491525423729,0.0677966101694915,0.220338983050847
2014-07-31,0.423728813559322,-0.0338983050847458,1.27118644067797,1,1.25423728813559,-0.0169491525423729
2014-08-31,0.423728813559322,-0.983050847457627,-2.6271186440678,-0.983050847457627,-0.76271186440678,0
2014-09-30,0.76271186440678,2.05084745762712,2.32203389830508,0.711864406779661,-0.966101694915254,-1.06779661016949
2014-10-31,0.288135593220339,1.1864406779661,0.728813559322034,1.42372881355932,-1.83050847457627,-0.627118644067797
2014-11-30,0,-1,-0.983050847457627,-0.983050847457627,-1,-1.01694915254237
2014-12-31,0.0169491525423729,1.01694915254237,0.983050847457627,1.03389830508475,0.0338983050847458,0.0847457627118644
2015-01-31,-0.966101694915254,-0.983050847457627,-0.932203389830508,-1.01694915254237,-0.0338983050847458,0.0169491525423729
2015-02-28,0.0847457627118644,0.0169491525423729,0.152542372881356,0.0169491525423729,0.0847457627118644,0.220338983050847
2015-03-31,1.67796610169492,1.05084745762712,-0.372881355932203,0.0338983050847458,-1.40677966101695,0.169491525423729
2015-04-30,0.152542372881356,0.677966101694915,0.796610169491525,1.79661016949153,-0.101694915254237,-1.45762711864407
2015-05-31,-1.69491525423729,-0.745762711864407,-0.694915254237288,-0.372881355932203,-0.576271186440678,0.389830508474576
2015-06-30,0.288135593220339,1.11864406779661,1.05084745762712,0.305084745762712,0.0677966101694915,0.220338983050847
2015-07-31,-1.57627118644068,-0.0338983050847458,0.271186440677966,1,1.25423728813559,0.983050847457627
2015-08-31,0.423728813559322,0.0169491525423729,-0.627118644067797,-0.983050847457627,-0.76271186440678,-1
2015-09-30,0.76271186440678,-2.94915254237288,-1.67796610169492,-0.288135593220339,1.03389830508475,0.932203389830508
2015-10-31,-0.711864406779661,-1.8135593220339,-0.271186440677966,-0.576271186440678,1.16949152542373,0.372881355932203
2015-11-30,1,1,0.0169491525423729,0.0169491525423729,0,-0.0169491525423729
2015-12-31,0.0169491525423729,0.0169491525423729,0.983050847457627,1.03389830508475,1.03389830508475,0.0847457627118644
2016-01-31,0.0338983050847458,-0.983050847457627,-0.932203389830508,-1.01694915254237,-1.03389830508475,0.0169491525423729
2016-02-29,0.0847457627118644,1.01694915254237,0.152542372881356,0.0169491525423729,0.0847457627118644,0.220338983050847
2016-03-31,0.677966101694915,0.0508474576271186,1.6271186440678,1.03389830508475,-0.406779661016949,0.169491525423729
2016-04-30,-0.847457627118644,-0.322033898305085,-0.203389830508475,-0.203389830508475,-0.101694915254237,-1.45762711864407
2016-05-31,1.30508474576271,1.25423728813559,1.30508474576271,0.627118644067797,-1.57627118644068,0.389830508474576
2016-06-30,-1.71186440677966,0.11864406779661,0.0508474576271186,1.30508474576271,1.06779661016949,0.220338983050847
2016-07-31,0.423728813559322,-1.03389830508475,-0.728813559322034,-1,-0.745762711864407,-0.0169491525423729
2016-08-31,-1.57627118644068,1.01694915254237,1.3728813559322,1.01694915254237,0.23728813559322,0
2016-09-30,0.76271186440678,1.05084745762712,1.32203389830508,0.711864406779661,2.03389830508475,1.93220338983051
2016-10-31,0.288135593220339,-4.8135593220339,-4.27118644067797,-2.57627118644068,0.169491525423729,-0.627118644067797
2016-11-30,0,0,1.01694915254237,1.01694915254237,0,-0.0169491525423729
2016-12-31,-0.983050847457627,-0.983050847457627,-1.01694915254237,-0.966101694915254,0.0338983050847458,0.0847457627118644
2017-01-31,1.03389830508475,1.01694915254237,1.06779661016949,-0.0169491525423729,-0.0338983050847458,0.0169491525423729
2017-02-28,0.0847457627118644,0.0169491525423729,0.152542372881356,0.0169491525423729,0.0847457627118644,0.220338983050847
2017-03-31,-1.32203389830508,0.0508474576271186,0.627118644067797,1.03389830508475,1.59322033898305,1.16949152542373
2017-04-30,0.152542372881356,-2.32203389830508,-2.20338983050847,-0.203389830508475,-0.101694915254237,-0.457627118644068
2017-05-31,0.305084745762712,1.25423728813559,-0.694915254237288,-0.372881355932203,0.423728813559322,0.389830508474576
2017-06-30,0.288135593220339,0.11864406779661,0.0508474576271186,0.305084745762712,1.06779661016949,1.22033898305085
2017-07-31,0.423728813559322,-0.0338983050847458,-0.728813559322034,-1,-0.745762711864407,-1.01694915254237
2017-08-31,0.423728813559322,0.0169491525423729,-0.627118644067797,1.01694915254237,1.23728813559322,0
2017-09-30,-0.23728813559322,0.0508474576271187,0.322033898305085,-0.288135593220339,-1.96610169491525,-3.06779661016949
2017-10-31,1.28813559322034,2.1864406779661,1.72881355932203,0.423728813559322,-2.83050847457627,0.372881355932203
2017-11-30,0,0,0.0169491525423729,1.01694915254237,1,-0.0169491525423729
2017-12-31,0.0169491525423729,-0.983050847457627,-1.01694915254237,-0.966101694915254,-0.966101694915254,0.0847457627118644
2018-01-31,0.0338983050847458,1.01694915254237,1.06779661016949,0.983050847457627,-0.0338983050847458,0.0169491525423729
2018-02-28,0.0847457627118644,0.0169491525423729,0.152542372881356,0.0169491525423729,0.0847457627118644,0.220338983050847
2018-03-31,-0.322033898305085,-0.949152542372881,-0.372881355932203,-0.966101694915254,-1.40677966101695,0.169491525423729
2018-04-30,1.15254237288136,1.67796610169492,0.796610169491525,0.796610169491525,-1.10169491525424,-1.45762711864407
2018-05-31,-1.69491525423729,0.254237288135593,1.30508474576271,1.6271186440678,1.42372881355932,0.389830508474576
2018-06-30,-0.711864406779661,-0.88135593220339,-0.949152542372881,-0.694915254237288,-0.932203389830508,0.220338983050847
2018-07-31,-0.576271186440678,0.966101694915254,1.27118644067797,0,0.254237288135593,-0.0169491525423729
2018-08-31,0.423728813559322,0.0169491525423729,0.372881355932203,1.01694915254237,1.23728813559322,1
2018-09-30,0.76271186440678,-3.94915254237288,-3.67796610169492,-2.28813559322034,0.0338983050847457,-0.0677966101694916
2018-10-31,0.288135593220339,0.186440677966102,-0.271186440677966,1.42372881355932,1.16949152542373,0.372881355932203
2018-11-30,0,0,0.0169491525423729,0.0169491525423729,1,0.983050847457627
2018-12-31,0.0169491525423729,0.0169491525423729,-1.01694915254237,-0.966101694915254,-0.966101694915254,-0.915254237288136
2019-01-31,0.0338983050847458,0.0169491525423729,1.06779661016949,0.983050847457627,0.966101694915254,0.0169491525423729
2019-02-28,0.0847457627118644,0.0169491525423729,0.152542372881356,0.0169491525423729,0.0847457627118644,0.220338983050847
2019-03-31,0.677966101694915,-0.949152542372881,-0.372881355932203,-0.966101694915254,-2.40677966101695,0.169491525423729
2019-04-30,0.152542372881356,1.67796610169492,-0.203389830508475,0.796610169491525,0.898305084745763,-1.45762711864407
2019-05-31,0.305084745762712,0.254237288135593,0.305084745762712,1.6271186440678,-0.576271186440678,1.38983050847458
2019-06-30,-1.71186440677966,-0.88135593220339,-0.949152542372881,-0.694915254237288,-0.932203389830508,-0.779661016949153
2019-07-31,0.423728813559322,0.966101694915254,1.27118644067797,1,0.254237288135593,-0.0169491525423729
2019-08-31,-2.57627118644068,-0.983050847457627,-0.627118644067797,-0.983050847457627,0.23728813559322,0
2019-09-30,1.76271186440678,0.0508474576271187,-0.677966101694915,0.711864406779661,1.03389830508475,0.932203389830508
2019-10-31,0.288135593220339,-2.8135593220339,-2.27118644067797,-0.576271186440678,2.16949152542373,0.372881355932203
2019-11-30,-1,-1,-0.983050847457627,-0.983050847457627,-1,-0.0169491525423729
2019-12-31,1.01694915254237,1.01694915254237,0.983050847457627,0.0338983050847458,0.0338983050847458,0.0847457627118644
2020-01-31,0.0338983050847458,0.0169491525423729,0.0677966101694915,0.983050847457627,0.966101694915254,1.01694915254237
2020-02-29,-0.915254237288136,-0.983050847457627,-0.847457627118644,-0.983050847457627,-0.915254237288136,-0.779661016949153
2020-03-31,1.67796610169492,-0.949152542372881,-0.372881355932203,0.0338983050847458,0.593220338983051,0.169491525423729
2020-04-30,0.152542372881356,0.677966101694915,0.796610169491525,-2.20338983050847,-0.101694915254237,0.542372881355932
2020-05-31,0.305084745762712,-0.745762711864407,-0.694915254237288,-0.372881355932203,-0.576271186440678,-1.61016949152542
2020-06-30,0.288135593220339,1.11864406779661,1.05084745762712,0.305084745762712,0.0677966101694915,0.220338983050847
2020-07-31,0.423728813559322,-0.0338983050847458,0.271186440677966,1,-0.745762711864407,0.983050847457627
2020-08-31,0.423728813559322,0.0169491525423729,-0.627118644067797,-0.983050847457627,-0.76271186440678,-1
2020-09-30,-3.23728813559322,-0.949152542372881,2.32203389830508,1.71186440677966,1.03389830508475,0.932203389830508
2020-10-31,-0.711864406779661,0.186440677966102,-0.271186440677966,-0.576271186440678,1.16949152542373,0.372881355932203
2020-11-30,1,1,0.0169491525423729,0.0169491525423729,0,-0.0169491525423729
2020-12-31,0.0169491525423729,0.0169491525423729,0.983050847457627,1.03389830508475,1.03389830508475,0.0847457627118644
2021-01-31,0.0338983050847458,-0.983050847457627,-0.932203389830508,-1.01694915254237,-1.03389830508475,0.0169491525423729
2021-02-28,0.0847457627118644,0.0169491525423729,0.152542372881356,0.0169491525423729,0.0847457627118644,-1.77966101694915
2021-03-31,-1.32203389830508,1.05084745762712,1.6271186440678,1.03389830508475,0.593220338983051,0.169491525423729
2021-04-30,0.152542372881356,0.677966101694915,0.796610169491525,0.796610169491525,-0.101694915254237,1.54237288135593
2021-05-31,0.305084745762712,-1.74576271186441,-0.694915254237288,-0.372881355932203,-0.576271186440678,-0.610169491525424
2021-06-30,0.288135593220339,0.11864406779661,1.05084745762712,1.30508474576271,0.0677966101694915,0.220338983050847
2021-07-31,-2.57627118644068,-1.03389830508475,-0.728813559322034,-1,0.254237288135593,-0.0169491525423729
2021-08-31,1.42372881355932,1.01694915254237,1.3728813559322,0.0169491525423729,0.23728813559322,0
2021-09-30,0.76271186440678,1.05084745762712,-4.67796610169492,-2.28813559322034,0.0338983050847457,0.932203389830508
2021-10-31,0.288135593220339,0.186440677966102,-0.271186440677966,-0.576271186440678,0.169491525423729,0.372881355932203
2021-11-30,0,1,1.01694915254237,0.0169491525423729,0,-0.0169491525423729
2021-12-31,0.0169491525423729,0.0169491525423729,-0.0169491525423729,1.03389830508475,1.03389830508475,1.08474576271186
2022-01-31,0.0338983050847458,0.0169491525423729,-0.932203389830508,-1.01694915254237,-1.03389830508475,-0.983050847457627
2022-02-28,0.0847457627118644,0.0169491525423729,0.152542372881356,0.0169491525423729,0.0847457627118644,0.220338983050847
2022-03-31,0.677966101694915,0.0508474576271186,1.6271186440678,1.03389830508475,-0.406779661016949,0.169491525423729
2022-04-30,-0.847457627118644,-0.322033898305085,-0.203389830508475,-0.203389830508475,-0.101694915254237,-1.45762711864407
2022-05-31,1.30508474576271,1.25423728813559,1.30508474576271,0.627118644067797,-1.57627118644068,0.389830508474576
2022-06-30,-1.71186440677966,0.11864406779661,0.0508474576271186,1.30508474576271,1.06779661016949,0.220338983050847
2022-07-31,0.423728813559322,-1.03389830508475,-0.728813559322034,-1,-0.745762711864407,-0.0169491525423729
2022-08-31,-1.57627118644068,1.01694915254237,1.3728813559322,1.01694915254237,0.23728813559322,0
2022-09-30,0.76271186440678,-0.949152542372881,-0.677966101694915,0.711864406779661,2.03389830508475,1.93220338983051
2022-10-31,0.288135593220339,-2.8135593220339,-2.27118644067797,-2.57627118644068,0.169491525423729,-0.627118644067797
2022-11-30,0,0,1.01694915254237,1.01694915254237,0,-0.0169491525423729
2022-12-31,-0.983050847457627,-0.983050847457627,-1.01694915254237,-0.966101694915254,0.0338983050847458,0.0847457627118644
2023-01-31,1.03389830508475,1.01694915254237,1.06779661016949,-0.0169491525423729,-0.0338983050847458,0.0169491525423729
2023-02-28,0.0847457627118644,0.0169491525423729,0.152542372881356,0.0169491525423729,0.0847457627118644,0.220338983050847
2023-03-31,0.677966101694915,0.0508474576271186,-1.3728813559322,1.03389830508475,1.59322033898305,1.16949152542373
2023-04-30,0.152542372881356,-0.322033898305085,-0.203389830508475,-4.20338983050847,-2.10169491525424,-0.457627118644068
2023-05-31,0.305084745762712,1.25423728813559,1.30508474576271,1.6271186440678,0.423728813559322,-1.61016949152542
2023-06-30,0.288135593220339,0.11864406779661,0.0508474576271186,0.305084745762712,1.06779661016949,1.22033898305085
2023-07-31,0.423728813559322,-0.0338983050847458,-0.728813559322034,-1,-2.74576271186441,-1.01694915254237
2023-08-31,0.423728813559322,0.0169491525423729,1.3728813559322,1.01694915254237,1.23728813559322,0
2023-09-30,-4.23728813559322,-1.94915254237288,0.322033898305085,-0.288135593220339,0.0338983050847457,0.932203389830508
2023-10-31,1.28813559322034,2.1864406779661,1.72881355932203,0.423728813559322,1.16949152542373,0.372881355932203
2023-11-30,0,0,0.0169491525423729,1.01694915254237,1,-0.0169491525423729
2023-12-31,0.0169491525423729,-0.983050847457627,-1.01694915254237,-0.966101694915254,-0.966101694915254,0.0847457627118644
2024-01-31,0.0338983050847458,1.01694915254237,1.06779661016949,0.983050847457627,-0.0338983050847458,0.0169491525423729
2024-02-29,0.0847457627118644,0.0169491525423729,0.152542372881356,0.0169491525423729,1.08474576271186,0.220338983050847
2024-03-31,-1.32203389830508,-0.949152542372881,-0.372881355932203,-0.966101694915254,-0.406779661016949,0.169491525423729
2024-04-30,0.152542372881356,-0.322033898305085,-0.203389830508475,0.796610169491525,0.898305084745763,0.542372881355932
2024-05-31,0.305084745762712,0.254237288135593,-1.69491525423729,1.6271186440678,1.42372881355932,1.38983050847458
2024-06-30,0.288135593220339,-0.88135593220339,-0.949152542372881,-2.69491525423729,-0.932203389830508,-0.779661016949153
2024-07-31,0.423728813559322,0.966101694915254,1.27118644067797,1,0.254237288135593,-0.0169491525423729
2024-08-31,-0.576271186440678,-0.983050847457627,-2.6271186440678,-0.983050847457627,0.23728813559322,0
2024-09-30,1.76271186440678,2.05084745762712,1.32203389830508,0.711864406779661,1.03389830508475,0.932203389830508
2024-10-31,0.288135593220339,1.1864406779661,1.72881355932203,1.42372881355932,-3.83050847457627,-3.6271186440678
2024-11-30,-1,-1,-0.983050847457627,-0.983050847457627,-1,-0.0169491525423729
2024-12-31,1.01694915254237,1.01694915254237,0.983050847457627,0.0338983050847458,0.0338983050847458,0.0847457627118644
2025-01-31,0.0338983050847458,0.0169491525423729,0.0677966101694915,0.983050847457627,0.966101694915254,1.01694915254237
2025-02-28,0.0847457627118644,0.0169491525423729,0.152542372881356,0.0169491525423729,0.0847457627118644,0.220338983050847
2025-03-31,0.677966101694915,0.0508474576271186,-0.372881355932203,-0.966101694915254,-0.406779661016949,-2.83050847457627
2025-04-30,-1.84745762711864,0.677966101694915,1.79661016949153,1.79661016949153,0.898305084745763,0.542372881355932
2025-05-31,-0.694915254237288,-0.745762711864407,-0.694915254237288,-0.372881355932203,-1.57627118644068,0.389830508474576
2025-06-30,1.28813559322034,-0.88135593220339,0.0508474576271186,0.305084745762712,0.0677966101694915,0.220338983050847
2025-07-31,0.423728813559322,-0.0338983050847458,1.27118644067797,1,1.25423728813559,-0.0169491525423729
2025-08-31,-1.57627118644068,-0.983050847457627,-0.627118644067797,-0.983050847457627,-0.76271186440678,0
2025-09-30,0.76271186440678,2.05084745762712,0.322033898305085,-1.28813559322034,1.03389830508475,0.932203389830508
2025-10-31,0.288135593220339,1.1864406779661,-3.27118644067797,-0.576271186440678,0.169491525423729,1.3728813559322
2025-11-30,0,-1,-0.983050847457627,-0.983050847457627,-1,-1.01694915254237
2025-12-31,0.0169491525423729,1.01694915254237,0.983050847457627,1.03389830508475,0.0338983050847458,0.0847457627118644
2026-01-31,-0.966101694915254,-0.983050847457627,-0.932203389830508,-1.01694915254237,-0.0338983050847458,0.0169491525423729
2026-02-28,0.0847457627118644,0.0169491525423729,0.152542372881356,0.0169491525423729,0.0847457627118644,0.220338983050847
2026-03-31,1.67796610169492,1.05084745762712,-0.372881355932203,0.0338983050847458,0.593220338983051,0.169491525423729
2026-04-30,0.152542372881356,0.677966101694915,0.796610169491525,-2.20338983050847,-0.101694915254237,0.542372881355932
2026-05-31,0.305084745762712,-0.745762711864407,-0.694915254237288,-0.372881355932203,-0.576271186440678,-1.61016949152542
2026-06-30,0.288135593220339,1.11864406779661,1.05084745762712,0.305084745762712,0.0677966101694915,0.220338983050847
2026-07-31,0.423728813559322,-0.0338983050847458,0.271186440677966,1,-0.745762711864407,0.983050847457627
2026-08-31,0.423728813559322,0.0169491525423729,-0.627118644067797,-0.983050847457627,-0.76271186440678,-1
2026-09-30,-3.23728813559322,-0.949152542372881,2.32203389830508,1.71186440677966,1.03389830508475,0.932203389830508
2026-10-31,-0.711864406779661,0.186440677966102,-0.271186440677966,-0.576271186440678,1.16949152542373,0.372881355932203
2026-11-30,1,1,0.0169491525423729,0.0169491525423729,0,-0.0169491525423729
2026-12-31,0.0169491525423729,0.0169491525423729,0.983050847457627,1.03389830508475,1.03389830508475,0.0847457627118644
2027-01-31,0.0338983050847458,-0.983050847457627,-0.932203389830508,-1.01694915254237,-1.03389830508475,0.0169491525423729
2027-02-28,0.0847457627118644,0.0169491525423729,0.152542372881356,0.0169491525423729,0.0847457627118644,0.220338983050847
2027-03-31,0.677966101694915,1.05084745762712,-0.372881355932203,1.03389830508475,0.593220338983051,0.169491525423729
2027-04-30,0.152542372881356,0.677966101694915,0.796610169491525,-1.20338983050847,-0.101694915254237,1.54237288135593
2027-05-31,0.305084745762712,0.254237288135593,-0.694915254237288,-2.3728813559322,-0.576271186440678,-0.610169491525424
2027-06-30,0.288135593220339,0.11864406779661,1.05084745762712,1.30508474576271,0.0677966101694915,-1.77966101694915
2027-07-31,-0.576271186440678,-1.03389830508475,-0.728813559322034,-1,0.254237288135593,-0.0169491525423729
2027-08-31,1.42372881355932,1.01694915254237,1.3728813559322,0.0169491525423729,-1.76271186440678,0
2027-09-30,0.76271186440678,1.05084745762712,1.32203389830508,1.71186440677966,2.03389830508475,0.932203389830508
2027-10-31,-3.71186440677966,-1.8135593220339,-0.271186440677966,-0.576271186440678,0.169491525423729,0.372881355932203
2027-11-30,0,1,1.01694915254237,0.0169491525423729,0,-0.0169491525423729
2027-12-31,0.0169491525423729,0.0169491525423729,-0.0169491525423729,1.03389830508475,1.03389830508475,1.08474576271186
2028-01-31,0.0338983050847458,0.0169491525423729,-0.932203389830508,-1.01694915254237,-1.03389830508475,-0.983050847457627
2028-02-29,0.0847457627118644,0.0169491525423729,1.15254237288136,0.0169491525423729,0.0847457627118644,0.220338983050847
2028-03-31,-1.32203389830508,0.0508474576271186,0.627118644067797,1.03389830508475,1.59322033898305,1.16949152542373
2028-04-30,0.152542372881356,-2.32203389830508,-2.20338983050847,-0.203389830508475,-0.101694915254237,-0.457627118644068
2028-05-31,0.305084745762712,1.25423728813559,-0.694915254237288,-0.372881355932203,0.423728813559322,0.389830508474576
2028-06-30,0.288135593220339,0.11864406779661,0.0508474576271186,0.305084745762712,1.06779661016949,1.22033898305085
2028-07-31,0.423728813559322,-0.0338983050847458,-0.728813559322034,-1,-0.745762711864407,-1.01694915254237
2028-08-31,0.423728813559322,0.0169491525423729,-0.627118644067797,1.01694915254237,1.23728813559322,0
2028-09-30,-0.23728813559322,0.0508474576271187,0.322033898305085,-0.288135593220339,-1.96610169491525,-3.06779661016949
2028-10-31,1.28813559322034,2.1864406779661,1.72881355932203,0.423728813559322,-2.83050847457627,0.372881355932203
2028-11-30,0,0,0.0169491525423729,1.01694915254237,1,-0.0169491525423729
2028-12-31,0.0169491525423729,-0.983050847457627,-1.01694915254237,-0.966101694915254,-0.966101694915254,0.0847457627118644
2029-01-31,0.0338983050847458,1.01694915254237,1.06779661016949,0.983050847457627,-0.0338983050847458,0.0169491525423729
2029-02-28,0.0847457627118644,0.0169491525423729,0.152542372881356,0.0169491525423729,0.0847457627118644,0.220338983050847
2029-03-31,-0.322033898305085,-0.949152542372881,-0.372881355932203,-0.966101694915254,-1.40677966101695,0.169491525423729
2029-04-30,1.15254237288136,1.67796610169492,0.796610169491525,0.796610169491525,-1.10169491525424,-1.45762711864407
2029-05-31,-1.69491525423729,0.254237288135593,1.30508474576271,1.6271186440678,1.42372881355932,0.389830508474576
2029-06-30,-0.711864406779661,-0.88135593220339,-0.949152542372881,-0.694915254237288,-0.932203389830508,0.220338983050847
2029-07-31,-0.576271186440678,0.966101694915254,1.27118644067797,0,0.254237288135593,-0.0169491525423729
2029-08-31,0.423728813559322,0.0169491525423729,0.372881355932203,1.01694915254237,1.23728813559322,1
2029-09-30,0.76271186440678,-3.94915254237288,-3.67796610169492,-2.28813559322034,0.0338983050847457,-0.0677966101694916
2029-10-31,0.288135593220339,0.186440677966102,1.72881355932203,1.42372881355932,1.16949152542373,0.372881355932203
2029-11-30,0,0,0.0169491525423729,0.0169491525423729,1,0.983050847457627
2029-12-31,0.0169491525423729,0.0169491525423729,-1.01694915254237,-0.966101694915254,-0.966101694915254,-0.915254237288136
2030-01-31,0.0338983050847458,0.0169491525423729,1.06779661016949,0.983050847457627,0.966101694915254,0.0169491525423729
2030-02-28,0.0847457627118644,0.0169491525423729,0.152542372881356,0.0169491525423729,0.0847457627118644,0.220338983050847
2030-03-31,0.677966101694915,-0.949152542372881,-2.3728813559322,-0.966101694915254,-0.406779661016949,0.169491525423729
2030-04-30,0.152542372881356,1.67796610169492,1.79661016949153,-1.20338983050847,-1.10169491525424,0.542372881355932
2030-05-31,0.305084745762712,0.254237288135593,0.305084745762712,-0.372881355932203,1.42372881355932,1.38983050847458
2030-06-30,0.288135593220339,-0.88135593220339,-0.949152542372881,-0.694915254237288,-0.932203389830508,-2.77966101694915
2030-07-31,0.423728813559322,0.966101694915254,1.27118644067797,1,0.254237288135593,-0.0169491525423729
2030-08-31,-0.576271186440678,-0.983050847457627,-0.627118644067797,-0.983050847457627,-1.76271186440678,0
2030-09-30,-0.23728813559322,2.05084745762712,1.32203389830508,0.711864406779661,1.03389830508475,0.932203389830508
2030-10-31,-1.71186440677966,-0.813559322033898,1.72881355932203,1.42372881355932,2.16949152542373,0.372881355932203
2030-11-30,-1,-1,-0.983050847457627,-0.983050847457627,-1,-0.0169491525423729
2030-12-31,1.01694915254237,1.01694915254237,0.983050847457627,0.0338983050847458,0.0338983050847458,0.0847457627118644
2031-01-31,0.0338983050847458,0.0169491525423729,0.0677966101694915,0.983050847457627,0.966101694915254,1.01694915254237
2031-02-28,0.0847457627118644,0.0169491525423729,0.152542372881356,0.0169491525423729,0.0847457627118644,0.220338983050847
2031-03-31,-1.32203389830508,0.0508474576271186,-0.372881355932203,-0.966101694915254,-0.406779661016949,-0.830508474576271
2031-04-30,0.152542372881356,-1.32203389830508,-2.20338983050847,1.79661016949153,0.898305084745763,0.542372881355932
2031-05-31,-0.694915254237288,-0.745762711864407,-0.694915254237288,-2.3728813559322,0.423728813559322,0.389830508474576
2031-06-30,1.28813559322034,1.11864406779661,0.0508474576271186,0.305084745762712,0.0677966101694915,0.220338983050847
2031-07-31,0.423728813559322,-0.0338983050847458,-0.728813559322034,1,1.25423728813559,-0.0169491525423729
2031-08-31,0.423728813559322,-0.983050847457627,-0.627118644067797,-0.983050847457627,-0.76271186440678,0
2031-09-30,0.76271186440678,2.05084745762712,2.32203389830508,0.711864406779661,-0.966101694915254,-3.06779661016949
2031-10-31,0.288135593220339,1.1864406779661,0.728813559322034,1.42372881355932,-1.83050847457627,1.3728813559322
2031-11-30,0,-1,-0.983050847457627,-0.983050847457627,-1,-1.01694915254237
2031-12-31,0.0169491525423729,1.01694915254237,0.983050847457627,1.03389830508475,0.0338983050847458,0.0847457627118644
2032-01-31,-0.966101694915254,-0.983050847457627,-0.932203389830508,-1.01694915254237,-0.0338983050847458,0.0169491525423729
2032-02-29,1.08474576271186,0.0169491525423729,0.152542372881356,0.0169491525423729,-1.91525423728814,0.220338983050847
2032-03-31,0.677966101694915,1.05084745762712,1.6271186440678,1.03389830508475,0.593220338983051,0.169491525423729
2032-04-30,0.152542372881356,0.677966101694915,0.796610169491525,0.796610169491525,-0.101694915254237,-0.457627118644068
2032-05-31,-1.69491525423729,0.254237288135593,-0.694915254237288,-0.372881355932203,-0.576271186440678,-0.610169491525424
2032-06-30,0.288135593220339,0.11864406779661,1.05084745762712,1.30508474576271,0.0677966101694915,0.220338983050847
2032-07-31,-2.57627118644068,-1.03389830508475,-0.728813559322034,-1,0.254237288135593,-0.0169491525423729
2032-08-31,1.42372881355932,1.01694915254237,1.3728813559322,0.0169491525423729,0.23728813559322,0
2032-09-30,0.76271186440678,-4.94915254237288,-2.67796610169492,-0.288135593220339,2.03389830508475,0.932203389830508
2032-10-31,0.288135593220339,0.186440677966102,-0.271186440677966,-0.576271186440678,0.169491525423729,0.372881355932203
2032-11-30,0,1,1.01694915254237,0.0169491525423729,0,-0.0169491525423729
2032-12-31,0.0169491525423729,0.0169491525423729,-0.0169491525423729,1.03389830508475,1.03389830508475,1.08474576271186
2033-01-31,0.0338983050847458,0.0169491525423729,-0.932203389830508,-1.01694915254237,-1.03389830508475,-0.983050847457627
2033-02-28,0.0847457627118644,0.0169491525423729,0.152542372881356,0.0169491525423729,0.0847457627118644,0.220338983050847
2033-03-31,0.677966101694915,0.0508474576271186,-0.372881355932203,1.03389830508475,1.59322033898305,0.169491525423729
2033-04-30,-0.847457627118644,-0.322033898305085,-0.203389830508475,-2.20338983050847,-2.10169491525424,0.542372881355932
2033-05-31,1.30508474576271,1.25423728813559,1.30508474576271,-1.3728813559322,0.423728813559322,0.389830508474576
2033-06-30,0.288135593220339,0.11864406779661,0.0508474576271186,1.30508474576271,1.06779661016949,-1.77966101694915
2033-07-31,0.423728813559322,-1.03389830508475,-0.728813559322034,-1,-0.745762711864407,-0.0169491525423729
2033-08-31,0.423728813559322,1.01694915254237,1.3728813559322,1.01694915254237,-1.76271186440678,0
2033-09-30,-1.23728813559322,1.05084745762712,1.32203389830508,0.711864406779661,2.03389830508475,1.93220338983051
2033-10-31,-1.71186440677966,-0.813559322033898,-0.271186440677966,-0.576271186440678,0.169491525423729,-0.627118644067797
2033-11-30,0,0,1.01694915254237,1.01694915254237,0,-0.0169491525423729
2033-12-31,-0.983050847457627,-0.983050847457627,-1.01694915254237,-0.966101694915254,0.0338983050847458,0.0847457627118644
2034-01-31,1.03389830508475,1.01694915254237,1.06779661016949,-0.0169491525423729,-0.0338983050847458,0.0169491525423729
2034-02-28,0.0847457627118644,0.0169491525423729,0.152542372881356,0.0169491525423729,0.0847457627118644,0.220338983050847
2034-03-31,-1.32203389830508,0.0508474576271186,0.627118644067797,1.03389830508475,1.59322033898305,1.16949152542373
2034-04-30,0.152542372881356,-2.32203389830508,-4.20338983050847,-0.203389830508475,-0.101694915254237,-0.457627118644068
2034-05-31,0.305084745762712,1.25423728813559,1.30508474576271,-0.372881355932203,0.423728813559322,0.389830508474576
2034-06-30,0.288135593220339,0.11864406779661,0.0508474576271186,0.305084745762712,1.06779661016949,1.22033898305085
2034-07-31,0.423728813559322,-0.0338983050847458,-2.72881355932203,-1,-0.745762711864407,-1.01694915254237
2034-08-31,0.423728813559322,0.0169491525423729,1.3728813559322,1.01694915254237,1.23728813559322,0
2034-09-30,-0.23728813559322,0.0508474576271187,0.322033898305085,-0.288135593220339,-3.96610169491525,-3.06779661016949
2034-10-31,1.28813559322034,2.1864406779661,1.72881355932203,0.423728813559322,-0.830508474576271,0.372881355932203
2034-11-30,0,0,0.0169491525423729,1.01694915254237,1,-0.0169491525423729
2034-12-31,0.0169491525423729,-0.983050847457627,-1.01694915254237,-0.966101694915254,-0.966101694915254,0.0847457627118644
2035-01-31,0.0338983050847458,1.01694915254237,1.06779661016949,0.983050847457627,-0.0338983050847458,0.0169491525423729
2035-02-28,0.0847457627118644,0.0169491525423729,0.152542372881356,0.0169491525423729,0.0847457627118644,0.220338983050847
2035-03-31,-2.32203389830508,-0.949152542372881,-0.372881355932203,-0.966101694915254,0.593220338983051,0.169491525423729
2035-04-30,1.15254237288136,-0.322033898305085,-1.20338983050847,0.796610169491525,0.898305084745763,0.542372881355932
2035-05-31,0.305084745762712,0.254237288135593,-0.694915254237288,1.6271186440678,1.42372881355932,0.389830508474576
2035-06-30,-0.711864406779661,-0.88135593220339,-0.949152542372881,-2.69491525423729,-0.932203389830508,0.220338983050847
2035-07-31,1.42372881355932,0.966101694915254,1.27118644067797,0,0.254237288135593,-0.0169491525423729
2035-08-31,0.423728813559322,0.0169491525423729,-1.6271186440678,1.01694915254237,1.23728813559322,1
2035-09-30,0.76271186440678,0.0508474576271187,0.322033898305085,-0.288135593220339,0.0338983050847457,-0.0677966101694916
2035-10-31,0.288135593220339,2.1864406779661,1.72881355932203,1.42372881355932,-4.83050847457627,-3.6271186440678
2035-11-30,0,0,0.0169491525423729,0.0169491525423729,1,0.983050847457627
2035-12-31,0.0169491525423729,0.0169491525423729,-1.01694915254237,-0.966101694915254,-0.966101694915254,-0.915254237288136
2036-01-31,0.0338983050847458,0.0169491525423729,1.06779661016949,0.983050847457627,0.966101694915254,0.0169491525423729
2036-02-29,0.0847457627118644,0.0169491525423729,0.152542372881356,0.0169491525423729,0.0847457627118644,1.22033898305085
2036-03-31,0.677966101694915,0.0508474576271186,-0.372881355932203,-0.966101694915254,-2.40677966101695,-0.830508474576271
2036-04-30,0.152542372881356,0.677966101694915,1.79661016949153,1.79661016949153,0.898305084745763,-1.45762711864407
2036-05-31,-0.694915254237288,-0.745762711864407,-0.694915254237288,-0.372881355932203,-1.57627118644068,0.389830508474576
2036-06-30,-0.711864406779661,1.11864406779661,0.0508474576271186,0.305084745762712,0.0677966101694915,0.220338983050847
2036-07-31,0.423728813559322,-0.0338983050847458,1.27118644067797,1,1.25423728813559,-0.0169491525423729
2036-08-31,-1.57627118644068,-0.983050847457627,-0.627118644067797,-0.983050847457627,-0.76271186440678,0
2036-09-30,0.76271186440678,0.0508474576271187,-1.67796610169492,0.711864406779661,1.03389830508475,0.932203389830508
2036-10-31,0.288135593220339,-2.8135593220339,0.728813559322034,-0.576271186440678,2.16949152542373,1.3728813559322
2036-11-30,0,-1,-0.983050847457627,-0.983050847457627,-1,-1.01694915254237
2036-12-31,0.0169491525423729,1.01694915254237,0.983050847457627,1.03389830508475,0.0338983050847458,0.0847457627118644
2037-01-31,-0.966101694915254,-0.983050847457627,-0.932203389830508,-1.01694915254237,-0.0338983050847458,0.0169491525423729
2037-02-28,0.0847457627118644,0.0169491525423729,0.152542372881356,0.0169491525423729,0.0847457627118644,0.220338983050847
2037-03-31,-0.322033898305085,1.05084745762712,-0.372881355932203,0.0338983050847458,0.593220338983051,0.169491525423729
2037-04-30,0.152542372881356,-1.32203389830508,-1.20338983050847,1.79661016949153,1.89830508474576,0.542372881355932
2037-05-31,0.305084745762712,-0.745762711864407,-0.694915254237288,-2.3728813559322,-0.576271186440678,0.389830508474576
2037-06-30,0.288135593220339,1.11864406779661,1.05084745762712,0.305084745762712,0.0677966101694915,0.220338983050847
2037-07-31,0.423728813559322,-0.0338983050847458,-1.72881355932203,1,1.25423728813559,0.983050847457627
2037-08-31,0.423728813559322,0.0169491525423729,-0.627118644067797,-0.983050847457627,-0.76271186440678,-1
2037-09-30,0.76271186440678,1.05084745762712,2.32203389830508,1.71186440677966,-2.96610169491525,-3.06779661016949
2037-10-31,-0.711864406779661,0.186440677966102,-0.271186440677966,-0.576271186440678,-0.830508474576271,0.372881355932203
2037-11-30,1,1,0.0169491525423729,0.0169491525423729,0,-0.0169491525423729
2037-12-31,0.0169491525423729,0.0169491525423729,0.983050847457627,1.03389830508475,1.03389830508475,0.0847457627118644
2038-01-31,0.0338983050847458,-0.983050847457627,-0.932203389830508,-1.01694915254237,-1.03389830508475,0.0169491525423729
2038-02-28,0.0847457627118644,0.0169491525423729,0.152542372881356,0.0169491525423729,0.0847457627118644,0.220338983050847
2038-03-31,-1.32203389830508,1.05084745762712,1.6271186440678,1.03389830508475,0.593220338983051,0.169491525423729
2038-04-30,0.152542372881356,-1.32203389830508,-1.20338983050847,0.796610169491525,1.89830508474576,1.54237288135593
2038-05-31,0.305084745762712,0.254237288135593,-2.69491525423729,-0.372881355932203,-0.576271186440678,-0.610169491525424
2038-06-30,0.288135593220339,0.11864406779661,1.05084745762712,-0.694915254237288,0.0677966101694915,0.220338983050847
2038-07-31,-0.576271186440678,-1.03389830508475,-0.728813559322034,-1,0.254237288135593,-0.0169491525423729
2038-08-31,1.42372881355932,1.01694915254237,-0.627118644067797,0.0169491525423729,0.23728813559322,0
2038-09-30,0.76271186440678,1.05084745762712,1.32203389830508,1.71186440677966,0.0338983050847457,0.932203389830508
2038-10-31,0.288135593220339,0.186440677966102,-0.271186440677966,-0.576271186440678,-3.83050847457627,-3.6271186440678
2038-11-30,0,1,1.01694915254237,0.0169491525423729,0,-0.0169491525423729
2038-12-31,0.0169491525423729,0.0169491525423729,-0.0169491525423729,1.03389830508475,1.03389830508475,1.08474576271186
2039-01-31,0.0338983050847458,0.0169491525423729,-0.932203389830508,-1.01694915254237,-1.03389830508475,-0.983050847457627
2039-02-28,0.0847457627118644,0.0169491525423729,0.152542372881356,0.0169491525423729,0.0847457627118644,0.220338983050847
2039-03-31,0.677966101694915,0.0508474576271186,1.6271186440678,1.03389830508475,-0.406779661016949,0.169491525423729
2039-04-30,-0.847457627118644,-0.322033898305085,-0.203389830508475,-0.203389830508475,-2.10169491525424,-1.45762711864407
2039-05-31,-0.694915254237288,1.25423728813559,1.30508474576271,0.627118644067797,0.423728813559322,0.389830508474576
2039-06-30,0.288135593220339,0.11864406779661,0.0508474576271186,1.30508474576271,1.06779661016949,0.220338983050847
2039-07-31,-1.57627118644068,-1.03389830508475,-0.728813559322034,-1,-0.745762711864407,-0.0169491525423729
2039-08-31,0.423728813559322,1.01694915254237,1.3728813559322,1.01694915254237,0.23728813559322,0
2039-09-30,0.76271186440678,-0.949152542372881,-2.67796610169492,-1.28813559322034,2.03389830508475,1.93220338983051
2039-10-31,0.288135593220339,-2.8135593220339,-0.271186440677966,-0.576271186440678,0.169491525423729,-0.627118644067797
2039-11-30,0,0,1.01694915254237,1.01694915254237,0,-0.0169491525423729
2039-12-31,-0.983050847457627,-0.983050847457627,-1.01694915254237,-0.966101694915254,0.0338983050847458,0.0847457627118644
2040-01-31,1.03389830508475,1.01694915254237,1.06779661016949,-0.0169491525423729,-0.0338983050847458,0.0169491525423729
2040-02-29,0.0847457627118644,0.0169491525423729,-1.84745762711864,1.01694915254237,0.0847457627118644,0.220338983050847
2040-03-31,-0.322033898305085,-0.949152542372881,-0.372881355932203,-0.966101694915254,-1.40677966101695,0.169491525423729
2040-04-30,1.15254237288136,1.67796610169492,0.796610169491525,-3.20338983050847,0.898305084745763,0.542372881355932
2040-05-31,0.305084745762712,0.254237288135593,1.30508474576271,1.6271186440678,1.42372881355932,-1.61016949152542
2040-06-30,-0.711864406779661,-0.88135593220339,-0.949152542372881,-0.694915254237288,-0.932203389830508,0.220338983050847
2040-07-31,1.42372881355932,0.966101694915254,1.27118644067797,0,-1.74576271186441,-0.0169491525423729
2040-08-31,0.423728813559322,0.0169491525423729,0.372881355932203,1.01694915254237,1.23728813559322,1
2040-09-30,-3.23728813559322,-1.94915254237288,0.322033898305085,-0.288135593220339,0.0338983050847457,-0.0677966101694916
2040-10-31,0.288135593220339,2.1864406779661,1.72881355932203,1.42372881355932,1.16949152542373,0.372881355932203
2040-11-30,0,0,0.0169491525423729,0.0169491525423729,1,0.983050847457627
2040-12-31,0.0169491525423729,0.0169491525423729,-1.01694915254237,-0.966101694915254,-0.966101694915254,-0.915254237288136
2041-01-31,0.0338983050847458,0.0169491525423729,1.06779661016949,0.983050847457627,0.966101694915254,0.0169491525423729
2041-02-28,0.0847457627118644,0.0169491525423729,0.152542372881356,0.0169491525423729,0.0847457627118644,0.220338983050847
2041-03-31,-1.32203389830508,-0.949152542372881,-0.372881355932203,-0.966101694915254,-0.406779661016949,0.169491525423729
2041-04-30,0.152542372881356,-0.322033898305085,-0.203389830508475,0.796610169491525,0.898305084745763,0.542372881355932
2041-05-31,0.305084745762712,0.254237288135593,-1.69491525423729,1.6271186440678,1.42372881355932,1.38983050847458
2041-06-30,0.288135593220339,-0.88135593220339,-0.949152542372881,-2.69491525423729,-0.932203389830508,-0.779661016949153
2041-07-31,0.423728813559322,0.966101694915254,1.27118644067797,1,0.254237288135593,-0.0169491525423729
2041-08-31,-0.576271186440678,-0.983050847457627,-2.6271186440678,-0.983050847457627,0.23728813559322,0
2041-09-30,1.76271186440678,2.05084745762712,1.32203389830508,0.711864406779661,-0.966101694915254,-1.06779661016949
2041-10-31,0.288135593220339,1.1864406779661,1.72881355932203,1.42372881355932,-1.83050847457627,-1.6271186440678
2041-11-30,-1,-1,-0.983050847457627,-0.983050847457627,-1,-0.0169491525423729
2041-12-31,1.01694915254237,1.01694915254237,0.983050847457627,0.0338983050847458,0.0338983050847458,0.0847457627118644
2042-01-31,0.0338983050847458,0.0169491525423729,0.0677966101694915,0.983050847457627,0.966101694915254,1.01694915254237
2042-02-28,0.0847457627118644,0.0169491525423729,0.152542372881356,0.0169491525423729,0.0847457627118644,0.220338983050847
2042-03-31,0.677966101694915,0.0508474576271186,-0.372881355932203,-0.966101694915254,-2.40677966101695,-0.830508474576271
2042-04-30,0.152542372881356,0.677966101694915,1.79661016949153,1.79661016949153,-1.10169491525424,-1.45762711864407
2042-05-31,-2.69491525423729,-0.745762711864407,-0.694915254237288,-0.372881355932203,0.423728813559322,0.389830508474576
2042-06-30,1.28813559322034,1.11864406779661,0.0508474576271186,0.305084745762712,0.0677966101694915,0.220338983050847
2042-07-31,-1.57627118644068,-0.0338983050847458,1.27118644067797,1,1.25423728813559,-0.0169491525423729
2042-08-31,0.423728813559322,-0.983050847457627,-0.627118644067797,-0.983050847457627,-0.76271186440678,0
2042-09-30,0.76271186440678,-1.94915254237288,-1.67796610169492,-1.28813559322034,1.03389830508475,0.932203389830508
2042-10-31,0.288135593220339,-0.813559322033898,0.728813559322034,1.42372881355932,2.16949152542373,1.3728813559322
2042-11-30,0,-1,-0.983050847457627,-0.983050847457627,-1,-1.01694915254237
2042-12-31,0.0169491525423729,1.01694915254237,0.983050847457627,1.03389830508475,0.0338983050847458,0.0847457627118644
2043-01-31,-0.966101694915254,-0.983050847457627,-0.932203389830508,-1.01694915254237,-0.0338983050847458,0.0169491525423729
2043-02-28,0.0847457627118644,0.0169491525423729,0.152542372881356,0.0169491525423729,0.0847457627118644,0.220338983050847
2043-03-31,1.67796610169492,1.05084745762712,1.6271186440678,0.0338983050847458,-1.40677966101695,0.169491525423729
2043-04-30,0.152542372881356,0.677966101694915,0.796610169491525,1.79661016949153,1.89830508474576,0.542372881355932
2043-05-31,0.305084745762712,-0.745762711864407,-0.694915254237288,-0.372881355932203,-2.57627118644068,-1.61016949152542
2043-06-30,-1.71186440677966,1.11864406779661,1.05084745762712,0.305084745762712,0.0677966101694915,0.220338983050847
2043-07-31,0.423728813559322,-0.0338983050847458,0.271186440677966,1,1.25423728813559,0.983050847457627
2043-08-31,-1.57627118644068,0.0169491525423729,-0.627118644067797,-0.983050847457627,-0.76271186440678,-1
2043-09-30,0.76271186440678,1.05084745762712,2.32203389830508,1.71186440677966,1.03389830508475,0.932203389830508
2043-10-31,-0.711864406779661,-5.8135593220339,-4.27118644067797,-2.57627118644068,1.16949152542373,0.372881355932203
2043-11-30,1,1,0.0169491525423729,0.0169491525423729,0,-0.0169491525423729
2043-12-31,0.0169491525423729,0.0169491525423729,0.983050847457627,1.03389830508475,1.03389830508475,0.0847457627118644
2044-01-31,0.0338983050847458,-0.983050847457627,-0.932203389830508,-1.01694915254237,-1.03389830508475,0.0169491525423729
2044-02-29,0.0847457627118644,1.01694915254237,0.152542372881356,0.0169491525423729,0.0847457627118644,0.220338983050847
2044-03-31,-1.32203389830508,0.0508474576271186,1.6271186440678,1.03389830508475,1.59322033898305,0.169491525423729
2044-04-30,-0.847457627118644,-2.32203389830508,-2.20338983050847,-0.203389830508475,-0.101694915254237,0.542372881355932
2044-05-31,1.30508474576271,1.25423728813559,-0.694915254237288,0.627118644067797,0.423728813559322,0.389830508474576
2044-06-30,0.288135593220339,0.11864406779661,0.0508474576271186,-0.694915254237288,1.06779661016949,0.220338983050847
2044-07-31,0.423728813559322,-1.03389830508475,-0.728813559322034,-1,-0.745762711864407,-0.0169491525423729
2044-08-31,0.423728813559322,1.01694915254237,-0.627118644067797,1.01694915254237,0.23728813559322,0
2044-09-30,0.76271186440678,1.05084745762712,1.32203389830508,0.711864406779661,0.0338983050847457,-2.06779661016949
2044-10-31,0.288135593220339,1.1864406779661,-0.271186440677966,-0.576271186440678,-3.83050847457627,-0.627118644067797
2044-11-30,0,0,1.01694915254237,1.01694915254237,0,-0.0169491525423729
2044-12-31,-0.983050847457627,-0.983050847457627,-1.01694915254237,-0.966101694915254,0.0338983050847458,0.0847457627118644
2045-01-31,1.03389830508475,1.01694915254237,1.06779661016949,-0.0169491525423729,-0.0338983050847458,0.0169491525423729
2045-02-28,0.0847457627118644,0.0169491525423729,0.152542372881356,0.0169491525423729,0.0847457627118644,0.220338983050847
2045-03-31,0.677966101694915,0.0508474576271186,0.627118644067797,1.03389830508475,1.59322033898305,-0.830508474576271
2045-04-30,-1.84745762711864,-0.322033898305085,-0.203389830508475,-0.203389830508475,-2.10169491525424,-0.457627118644068
2045-05-31,0.305084745762712,-0.745762711864407,1.30508474576271,1.6271186440678,0.423728813559322,0.389830508474576
2045-06-30,0.288135593220339,0.11864406779661,0.0508474576271186,0.305084745762712,1.06779661016949,1.22033898305085
2045-07-31,-1.57627118644068,-0.0338983050847458,-0.728813559322034,-1,-0.745762711864407,-1.01694915254237
2045-08-31,0.423728813559322,0.0169491525423729,1.3728813559322,1.01694915254237,1.23728813559322,0
2045-09-30,-0.23728813559322,0.0508474576271187,-3.67796610169492,-4.28813559322034,-1.96610169491525,0.932203389830508
2045-10-31,1.28813559322034,2.1864406779661,-0.271186440677966,0.423728813559322,1.16949152542373,0.372881355932203
2045-11-30,0,0,0.0169491525423729,1.01694915254237,1,-0.0169491525423729
2045-12-31,0.0169491525423729,-0.983050847457627,-1.01694915254237,-0.966101694915254,-0.966101694915254,0.0847457627118644
2046-01-31,0.0338983050847458,1.01694915254237,1.06779661016949,0.983050847457627,-0.0338983050847458,0.0169491525423729
2046-02-28,0.0847457627118644,0.0169491525423729,0.152542372881356,0.0169491525423729,0.0847457627118644,0.220338983050847
2046-03-31,-0.322033898305085,-0.949152542372881,-0.372881355932203,-0.966101694915254,-1.40677966101695,0.169491525423729
2046-04-30,1.15254237288136,1.67796610169492,0.796610169491525,0.796610169491525,0.898305084745763,-1.45762711864407
2046-05-31,0.305084745762712,0.254237288135593,1.30508474576271,1.6271186440678,-0.576271186440678,0.389830508474576
2046-06-30,-2.71186440677966,-0.88135593220339,-0.949152542372881,-0.694915254237288,-0.932203389830508,0.220338983050847
2046-07-31,1.42372881355932,0.966101694915254,1.27118644067797,0,0.254237288135593,-0.0169491525423729
2046-08-31,-1.57627118644068,0.0169491525423729,0.372881355932203,1.01694915254237,1.23728813559322,1
2046-09-30,0.76271186440678,0.0508474576271187,0.322033898305085,-0.288135593220339,0.0338983050847457,-0.0677966101694916
2046-10-31,0.288135593220339,-3.8135593220339,-2.27118644067797,-0.576271186440678,1.16949152542373,0.372881355932203
2046-11-30,0,0,0.0169491525423729,0.0169491525423729,1,0.983050847457627
2046-12-31,0.0169491525423729,0.0169491525423729,-1.01694915254237,-0.966101694915254,-0.966101694915254,-0.915254237288136
2047-01-31,0.0338983050847458,0.0169491525423729,1.06779661016949,0.983050847457627,0.966101694915254,0.0169491525423729
2047-02-28,0.0847457627118644,0.0169491525423729,0.152542372881356,0.0169491525423729,0.0847457627118644,0.220338983050847
2047-03-31,0.677966101694915,-0.949152542372881,-2.3728813559322,-0.966101694915254,-0.406779661016949,0.169491525423729
2047-04-30,0.152542372881356,1.67796610169492,1.79661016949153,-1.20338983050847,-1.10169491525424,0.542372881355932
2047-05-31,0.305084745762712,0.254237288135593,0.305084745762712,-0.372881355932203,1.42372881355932,-0.610169491525424
2047-06-30,0.288135593220339,-0.88135593220339,-0.949152542372881,-0.694915254237288,-0.932203389830508,-0.779661016949153
2047-07-31,0.423728813559322,0.966101694915254,1.27118644067797,1,0.254237288135593,-0.0169491525423729
2047-08-31,-0.576271186440678,-0.983050847457627,-0.627118644067797,-0.983050847457627,-1.76271186440678,0
2047-09-30,-2.23728813559322,0.0508474576271187,1.32203389830508,0.711864406779661,1.03389830508475,0.932203389830508
2047-10-31,0.288135593220339,1.1864406779661,1.72881355932203,1.42372881355932,2.16949152542373,0.372881355932203
2047-11-30,-1,-1,-0.983050847457627,-0.983050847457627,-1,-0.0169491525423729
2047-12-31,1.01694915254237,1.01694915254237,0.983050847457627,0.0338983050847458,0.0338983050847458,0.0847457627118644
2048-01-31,0.0338983050847458,0.0169491525423729,0.0677966101694915,0.983050847457627,0.966101694915254,1.01694915254237
2048-02-29,-0.915254237288136,-0.983050847457627,-0.847457627118644,-0.983050847457627,-0.915254237288136,-2.77966101694915
2048-03-31,-0.322033898305085,1.05084745762712,1.6271186440678,0.0338983050847458,0.593220338983051,0.169491525423729
2048-04-30,0.152542372881356,0.677966101694915,0.796610169491525,1.79661016949153,-0.101694915254237,0.542372881355932
2048-05-31,0.305084745762712,-2.74576271186441,-0.694915254237288,-0.372881355932203,-0.576271186440678,0.389830508474576
2048-06-30,0.288135593220339,1.11864406779661,1.05084745762712,0.305084745762712,0.0677966101694915,0.220338983050847
2048-07-31,-1.57627118644068,-0.0338983050847458,0.271186440677966,1,1.25423728813559,0.983050847457627
2048-08-31,0.423728813559322,0.0169491525423729,-0.627118644067797,-0.983050847457627,-0.76271186440678,-1
2048-09-30,0.76271186440678,1.05084745762712,-3.67796610169492,-2.28813559322034,-0.966101694915254,0.932203389830508
2048-10-31,-0.711864406779661,0.186440677966102,-0.271186440677966,-0.576271186440678,1.16949152542373,0.372881355932203
2048-11-30,1,1,0.0169491525423729,0.0169491525423729,0,-0.0169491525423729
2048-12-31,0.0169491525423729,0.0169491525423729,0.983050847457627,1.03389830508475,1.03389830508475,0.0847457627118644
